file,class_name,label,group
ALLIDB_Im001_1.png,ALL,1,0
ALLIDB_Im002_1.png,ALL,1,1
ALLIDB_Im003_1.png,ALL,1,2
ALLIDB_Im004_1.png,ALL,1,3
ALLIDB_Im005_1.png,ALL,1,4
ALLIDB_Im006_1.png,ALL,1,5
ALLIDB_Im007_1.png,ALL,1,6
ALLIDB_Im008_1.png,ALL,1,7
ALLIDB_Im009_1.png,ALL,1,8
ALLIDB_Im010_1.png,ALL,1,9
ALLIDB_Im011_1.png,ALL,1,10
ALLIDB_Im012_1.png,ALL,1,11
ALLIDB_Im013_1.png,ALL,1,12
ALLIDB_Im014_1.png,ALL,1,13
ALLIDB_Im015_1.png,ALL,1,14
ALLIDB_Im016_1.png,ALL,1,15
ALLIDB_Im017_1.png,ALL,1,16
ALLIDB_Im018_1.png,ALL,1,17
ALLIDB_Im019_1.png,ALL,1,18
ALLIDB_Im020_1.png,ALL,1,19
ALLIDB_Im021_1.png,ALL,1,20
ALLIDB_Im022_1.png,ALL,1,21
ALLIDB_Im023_1.png,ALL,1,22
ALLIDB_Im024_1.png,ALL,1,23
ALLIDB_Im025_1.png,ALL,1,24
ALLIDB_Im026_1.png,ALL,1,25
ALLIDB_Im027_1.png,ALL,1,26
ALLIDB_Im028_1.png,ALL,1,24
ALLIDB_Im029_1.png,ALL,1,27
ALLIDB_Im030_1.png,ALL,1,28
ALLIDB_Im031_1.png,ALL,1,24
ALLIDB_Im032_1.png,ALL,1,29
ALLIDB_Im033_1.png,ALL,1,30
ALLIDB_Im034_1.png,ALL,1,31
ALLIDB_Im035_1.png,ALL,1,32
ALLIDB_Im036_1.png,ALL,1,33
ALLIDB_Im037_1.png,ALL,1,34
ALLIDB_Im038_1.png,ALL,1,35
ALLIDB_Im039_1.png,ALL,1,36
ALLIDB_Im040_1.png,ALL,1,37
ALLIDB_Im041_1.png,ALL,1,38
ALLIDB_Im042_1.png,ALL,1,39
ALLIDB_Im043_1.png,ALL,1,40
ALLIDB_Im044_1.png,ALL,1,41
ALLIDB_Im045_1.png,ALL,1,42
ALLIDB_Im046_1.png,ALL,1,43
ALLIDB_Im047_1.png,ALL,1,44
ALLIDB_Im048_1.png,ALL,1,45
ALLIDB_Im049_1.png,ALL,1,46
ALLIDB_Im050_1.png,ALL,1,47
ALLIDB_Im051_1.png,ALL,1,48
ALLIDB_Im052_1.png,ALL,1,49
ALLIDB_Im053_1.png,ALL,1,50
ALLIDB_Im054_1.png,ALL,1,51
ALLIDB_Im055_1.png,ALL,1,52
ALLIDB_Im056_1.png,ALL,1,53
ALLIDB_Im057_1.png,ALL,1,54
ALLIDB_Im058_1.png,ALL,1,55
ALLIDB_Im059_1.png,ALL,1,56
ALLIDB_Im060_1.png,ALL,1,57
ALLIDB_Im061_1.png,ALL,1,58
ALLIDB_Im062_1.png,ALL,1,59
ALLIDB_Im063_1.png,ALL,1,60
ALLIDB_Im064_1.png,ALL,1,61
ALLIDB_Im065_1.png,ALL,1,62
ALLIDB_Im066_1.png,ALL,1,63
ALLIDB_Im067_1.png,ALL,1,64
ALLIDB_Im068_1.png,ALL,1,65
ALLIDB_Im069_1.png,ALL,1,66
ALLIDB_Im070_1.png,ALL,1,67
ALLIDB_Im071_1.png,ALL,1,68
ALLIDB_Im072_1.png,ALL,1,69
ALLIDB_Im073_1.png,ALL,1,70
ALLIDB_Im074_1.png,ALL,1,71
ALLIDB_Im075_1.png,ALL,1,72
ALLIDB_Im076_1.png,ALL,1,73
ALLIDB_Im077_1.png,ALL,1,74
ALLIDB_Im078_1.png,ALL,1,75
ALLIDB_Im079_1.png,ALL,1,76
ALLIDB_Im080_1.png,ALL,1,77
ALLIDB_Im081_1.png,ALL,1,78
ALLIDB_Im082_1.png,ALL,1,79
ALLIDB_Im083_1.png,ALL,1,80
ALLIDB_Im084_1.png,ALL,1,81
ALLIDB_Im085_1.png,ALL,1,82
ALLIDB_Im086_1.png,ALL,1,83
ALLIDB_Im087_1.png,ALL,1,84
ALLIDB_Im088_1.png,ALL,1,85
ALLIDB_Im089_1.png,ALL,1,86
ALLIDB_Im090_1.png,ALL,1,87
ALLIDB_Im091_1.png,ALL,1,88
ALLIDB_Im092_1.png,ALL,1,89
ALLIDB_Im093_1.png,ALL,1,90
ALLIDB_Im094_1.png,ALL,1,91
ALLIDB_Im095_1.png,ALL,1,92
ALLIDB_Im096_1.png,ALL,1,93
ALLIDB_Im097_1.png,ALL,1,94
ALLIDB_Im098_1.png,ALL,1,95
ALLIDB_Im099_1.png,ALL,1,96
ALLIDB_Im100_1.png,ALL,1,97
ALLIDB_Im101_1.png,ALL,1,98
ALLIDB_Im102_1.png,ALL,1,99
ALLIDB_Im103_1.png,ALL,1,100
ALLIDB_Im104_1.png,ALL,1,101
ALLIDB_Im105_1.png,ALL,1,102
ALLIDB_Im106_1.png,ALL,1,103
ALLIDB_Im107_1.png,ALL,1,104
ALLIDB_Im108_1.png,ALL,1,105
ALLIDB_Im109_1.png,ALL,1,106
ALLIDB_Im110_1.png,ALL,1,107
ALLIDB_Im111_1.png,ALL,1,108
ALLIDB_Im112_1.png,ALL,1,109
ALLIDB_Im113_1.png,ALL,1,110
ALLIDB_Im114_1.png,ALL,1,111
ALLIDB_Im115_1.png,ALL,1,112
ALLIDB_Im116_1.png,ALL,1,113
ALLIDB_Im117_1.png,ALL,1,114
ALLIDB_Im118_1.png,ALL,1,115
ALLIDB_Im119_1.png,ALL,1,116
ALLIDB_Im120_1.png,ALL,1,117
ALLIDB_Im121_1.png,ALL,1,118
ALLIDB_Im122_1.png,ALL,1,119
ALLIDB_Im123_1.png,ALL,1,120
ALLIDB_Im124_1.png,ALL,1,121
ALLIDB_Im125_1.png,ALL,1,122
ALLIDB_Im126_1.png,ALL,1,123
ALLIDB_Im127_1.png,ALL,1,124
ALLIDB_Im128_1.png,ALL,1,125
ALLIDB_Im129_1.png,ALL,1,126
ALLIDB_Im130_1.png,ALL,1,127
ALLIDB_Im131_0.png,Normal,0,128
ALLIDB_Im132_0.png,Normal,0,129
ALLIDB_Im133_0.png,Normal,0,130
ALLIDB_Im134_0.png,Normal,0,131
ALLIDB_Im135_0.png,Normal,0,132
ALLIDB_Im136_0.png,Normal,0,133
ALLIDB_Im137_0.png,Normal,0,134
ALLIDB_Im138_0.png,Normal,0,135
ALLIDB_Im139_0.png,Normal,0,136
ALLIDB_Im140_0.png,Normal,0,137
ALLIDB_Im141_0.png,Normal,0,138
ALLIDB_Im142_0.png,Normal,0,139
ALLIDB_Im143_0.png,Normal,0,140
ALLIDB_Im144_0.png,Normal,0,141
ALLIDB_Im145_0.png,Normal,0,142
ALLIDB_Im146_0.png,Normal,0,135
ALLIDB_Im147_0.png,Normal,0,143
ALLIDB_Im148_0.png,Normal,0,144
ALLIDB_Im149_0.png,Normal,0,145
ALLIDB_Im150_0.png,Normal,0,146
ALLIDB_Im151_0.png,Normal,0,147
ALLIDB_Im152_0.png,Normal,0,148
ALLIDB_Im153_0.png,Normal,0,149
ALLIDB_Im154_0.png,Normal,0,150
ALLIDB_Im155_0.png,Normal,0,151
ALLIDB_Im156_0.png,Normal,0,152
ALLIDB_Im157_0.png,Normal,0,153
ALLIDB_Im158_0.png,Normal,0,154
ALLIDB_Im159_0.png,Normal,0,155
ALLIDB_Im160_0.png,Normal,0,156
ALLIDB_Im161_0.png,Normal,0,157
ALLIDB_Im162_0.png,Normal,0,158
ALLIDB_Im163_0.png,Normal,0,159
ALLIDB_Im164_0.png,Normal,0,160
ALLIDB_Im165_0.png,Normal,0,161
ALLIDB_Im166_0.png,Normal,0,162
ALLIDB_Im167_0.png,Normal,0,163
ALLIDB_Im168_0.png,Normal,0,164
ALLIDB_Im169_0.png,Normal,0,165
ALLIDB_Im170_0.png,Normal,0,166
ALLIDB_Im171_0.png,Normal,0,167
ALLIDB_Im172_0.png,Normal,0,168
ALLIDB_Im173_0.png,Normal,0,169
ALLIDB_Im174_0.png,Normal,0,170
ALLIDB_Im175_0.png,Normal,0,171
ALLIDB_Im176_0.png,Normal,0,172
ALLIDB_Im177_0.png,Normal,0,173
ALLIDB_Im178_0.png,Normal,0,174
ALLIDB_Im179_0.png,Normal,0,175
ALLIDB_Im180_0.png,Normal,0,176
ALLIDB_Im181_0.png,Normal,0,177
ALLIDB_Im182_0.png,Normal,0,178
ALLIDB_Im183_0.png,Normal,0,179
ALLIDB_Im184_0.png,Normal,0,180
ALLIDB_Im185_0.png,Normal,0,181
ALLIDB_Im186_0.png,Normal,0,182
ALLIDB_Im187_0.png,Normal,0,183
ALLIDB_Im188_0.png,Normal,0,184
ALLIDB_Im189_0.png,Normal,0,185
ALLIDB_Im190_0.png,Normal,0,186
ALLIDB_Im191_0.png,Normal,0,187
ALLIDB_Im192_0.png,Normal,0,188
ALLIDB_Im193_0.png,Normal,0,189
ALLIDB_Im194_0.png,Normal,0,190
ALLIDB_Im195_0.png,Normal,0,191
ALLIDB_Im196_0.png,Normal,0,192
ALLIDB_Im197_0.png,Normal,0,193
ALLIDB_Im198_0.png,Normal,0,194
ALLIDB_Im199_0.png,Normal,0,195
ALLIDB_Im200_0.png,Normal,0,196
ALLIDB_Im201_0.png,Normal,0,197
ALLIDB_Im202_0.png,Normal,0,198
ALLIDB_Im203_0.png,Normal,0,199
ALLIDB_Im204_0.png,Normal,0,200
ALLIDB_Im205_0.png,Normal,0,201
ALLIDB_Im206_0.png,Normal,0,202
ALLIDB_Im207_0.png,Normal,0,203
ALLIDB_Im208_0.png,Normal,0,204
ALLIDB_Im209_0.png,Normal,0,205
ALLIDB_Im210_0.png,Normal,0,206
ALLIDB_Im211_0.png,Normal,0,167
ALLIDB_Im212_0.png,Normal,0,207
ALLIDB_Im213_0.png,Normal,0,208
ALLIDB_Im214_0.png,Normal,0,209
ALLIDB_Im215_0.png,Normal,0,210
ALLIDB_Im216_0.png,Normal,0,211
ALLIDB_Im217_0.png,Normal,0,212
ALLIDB_Im218_0.png,Normal,0,213
ALLIDB_Im219_0.png,Normal,0,214
ALLIDB_Im220_0.png,Normal,0,215
ALLIDB_Im221_0.png,Normal,0,216
ALLIDB_Im222_0.png,Normal,0,217
ALLIDB_Im223_0.png,Normal,0,218
ALLIDB_Im224_0.png,Normal,0,219
ALLIDB_Im225_0.png,Normal,0,220
ALLIDB_Im226_0.png,Normal,0,221
ALLIDB_Im227_0.png,Normal,0,222
ALLIDB_Im228_0.png,Normal,0,223
ALLIDB_Im229_0.png,Normal,0,224
ALLIDB_Im230_0.png,Normal,0,225
ALLIDB_Im231_0.png,Normal,0,226
ALLIDB_Im232_0.png,Normal,0,227
ALLIDB_Im233_0.png,Normal,0,228
ALLIDB_Im234_0.png,Normal,0,229
ALLIDB_Im235_0.png,Normal,0,230
ALLIDB_Im236_0.png,Normal,0,231
ALLIDB_Im237_0.png,Normal,0,232
ALLIDB_Im238_0.png,Normal,0,233
ALLIDB_Im239_0.png,Normal,0,234
ALLIDB_Im240_0.png,Normal,0,235
ALLIDB_Im241_0.png,Normal,0,236
ALLIDB_Im242_0.png,Normal,0,237
ALLIDB_Im243_0.png,Normal,0,238
ALLIDB_Im244_0.png,Normal,0,132
ALLIDB_Im245_0.png,Normal,0,131
ALLIDB_Im246_0.png,Normal,0,239
ALLIDB_Im247_0.png,Normal,0,240
ALLIDB_Im248_0.png,Normal,0,241
ALLIDB_Im249_0.png,Normal,0,242
ALLIDB_Im250_0.png,Normal,0,243
ALLIDB_Im251_0.png,Normal,0,244
ALLIDB_Im252_0.png,Normal,0,245
ALLIDB_Im253_0.png,Normal,0,246
ALLIDB_Im254_0.png,Normal,0,247
ALLIDB_Im255_0.png,Normal,0,248
ALLIDB_Im256_0.png,Normal,0,217
ALLIDB_Im257_0.png,Normal,0,218
ALLIDB_Im258_0.png,Normal,0,249
ALLIDB_Im259_0.png,Normal,0,220
ALLIDB_Im260_0.png,Normal,0,250
