file,x,y,w,h,category,cell_group
11_1_1000_ALL.png,10,150,62,90,lymphoblast,29
11_55_1000_ALL.png,9,113,58,98,lymphoblast,29
11_24_1000_ALL.png,551,200,46,74,lymphoblast,53
11_47_1000_ALL.png,22,328,56,75,lymphoblast,53
11_1_1000_ALL.png,35,92,59,88,lymphoblast,67
11_55_1000_ALL.png,30,55,63,103,lymphoblast,67
11_29_1000_ALL.png,314,65,62,78,lymphoblast,467
11_30_1000_ALL.png,171,307,51,66,lymphoblast,467
2_30_1000_ALL.png,495,267,56,89,lymphoblast,743
2_32_1000_ALL.png,269,381,46,74,lymphoblast,743
9_48_1000_ALL.png,355,55,45,71,lymphoblast,1009
9_49_1000_ALL.png,352,493,48,84,lymphoblast,1009
2_28_1000_ALL.png,602,201,38,104,lymphoblast,1108
2_31_1000_ALL.png,378,291,44,71,lymphoblast,1108
37_14_1000_AML.png,1,350,42,60,lymphocyte,1231
37_36_1000_AML.png,415,183,59,86,lymphocyte,1231
11_29_1000_ALL.png,85,495,68,77,lymphoblast,1507
11_2_1000_ALL.png,508,202,56,83,lymphoblast,1507
38_10_1000_ALL.png,78,299,55,89,lymphoblast,1662
38_33_1000_ALL.png,571,486,52,63,lymphoblast,1662
14_10_1000_ALL.png,579,431,60,87,lymphoblast,1689
14_11_1000_ALL.png,582,327,58,73,lymphoblast,1689
